   		    0	    1	    2	    3	    4	    5	    6	    7	    8	    9	   10	   11	   12	   13	   14	   15	   16	   17	   18	   19	   20	   21	   22	   23	   24	   25	   26	   27	   28	   29	   30	   31	   32	   33	   34	   35	   36	   37	   38	   39	   40	   41	   42	   43	   44	   45	   46	   47	   48	   49	   50	   51	   52	   53	   54	   55	   56	   57	   58	   59	   60	   61	   62	   63	   64	   65	   66	   67	   68	   69	   70	
  0		26692	 6506	 7814	10895	14539	27695	 6293	11597	29853	52286	52643	27024	14318	 7452	 2685	 4849	51507	38366	20494	23518	45536	30318	37347	 6964	34240	59979	47432	28734	34810	45515	49978	35453	10476	 5511	  815	53452	43257	38906	28638	14353	12259	17465	32651	26644	37429	 4423	22639	26305	52776	 3778	 4583	19632	 3698	37467	38099	16556	52677	45919	 6154	14388	26355	43469	36993	36600	42098	 4711	49600	26461	39121	24771	13584	
  1		45629	19063	42123	  101	25936	21467	58252	55795	43602	49346	55144	34966	 6327	26943	 6877	25642	38734	11040	21445	10572	48935	41506	 3117	 4190	10000	 8281	47145	10771	11962	17489	45130	21874	26762	  334	25283	50856	18949	26243	11306	 3723	33472	15465	26124	55709	39438	 2420	48762	 5162	36633	49833	26585	55125	11774	41245	11447	 5919	54504	57414	41495	50729	48611	34570	18061	16993	19593	34237	35521	19916	59719	35167	17705	
  2		24034	17294	19244	 8134	17492	57043	 4727	30624	 3131	30871	20465	18907	32436	20282	45115	23880	51081	53429	49138	23833	46092	44235	22514	36910	57367	14676	35300	26510	32567	42875	 9867	21818	32414	 8108	48137	35881	47651	56366	44853	 3690	17346	 3974	18750	55529	21781	58442	54068	47038	21419	16970	33794	  579	 9594	24641	59046	55929	32281	37152	37553	  186	14210	16924	54283	24608	24475	13380	56451	46796	56829	 7034	38060	
  3		41397	26178	38557	46747	 9269	56854	41896	46727	24678	21292	23520	31483	59828	47549	39006	12172	47493	 9410	29216	18767	 5585	24359	24037	46702	44135	20858	14618	 1662	37983	52582	31899	 1735	57296	38626	53577	 3443	51590	 3937	11853	19362	29682	  355	42844	11404	39785	41571	53397	44969	 8916	41912	47915	 5635	58881	21980	48492	59775	 2495	57128	58491	57428	51563	 4319	49309	12426	56666	 7115	27262	41651	49939	23287	53735	
  4		33841	 7979	 7499	57635	37902	27679	10486	 9664	 9782	59372	20004	 1023	28007	29940	44826	51132	42827	 5993	 1972	38182	56831	13905	  890	26765	15971	36990	12183	25377	18606	47272	 4816	 5631	58006	23264	37628	 9548	 8236	 3838	35795	37953	  697	26109	54238	32691	18792	 6411	 2153	43694	13871	53271	 6974	32390	17452	39956	 8240	   77	21550	35681	49209	53127	42241	38255	12619	 7140	25740	 1242	   91	17702	27270	 6113	42429	
  5		53861	 1951	25799	43488	38917	55883	23698	33848	16777	37991	 7677	 2231	24801	 1252	 5140	54534	17654	58864	36513	34076	39817	31178	26311	46659	25032	26512	 5031	10025	27067	52586	46067	53179	 6053	31227	31675	31262	 7776	 6914	42423	33685	56929	32801	14666	12914	 9254	 4085	23914	29148	46380	21015	39715	21373	49616	 7678	40397	22684	50835	 4065	19036	54685	 4006	51599	23065	21617	56518	33815	11810	58769	33687	43079	 5493	
  6		 8403	59984	54232	52443	 5127	 2267	25753	24186	10612	49933	55922	56707	21807	54360	10176	23885	46025	35085	22381	34309	18496	35933	57314	34630	  915	 5032	47196	57930	48997	22442	27287	26300	18579	 6966	 1650	27155	  729	58190	53489	30513	24352	 7317	46144	58437	13453	21127	46124	23939	 6768	53500	23293	28959	12943	 1690	24500	 5161	58304	48606	50730	34914	30118	51010	19011	28934	12266	42454	25084	17989	 5549	39484	55357	
  7		49975	57361	 9826	51620	53690	57178	39711	27779	  900	 4922	 9757	42256	10148	50534	 4266	51534	55104	40512	 7130	  292	36842	51672	30215	 6829	 1454	59207	39220	36455	14110	48108	 4565	 9203	30996	18731	35853	10180	57915	10927	52967	 6512	13109	28905	47236	31469	 1042	58346	38450	25612	40013	31975	31191	58000	13300	25462	31505	31084	34130	19053	33377	21375	  640	32234	32302	22967	31541	34646	12257	53719	21111	40142	42480	
  8		27917	 2757	44626	41758	34317	49945	58611	 6181	11737	36218	51910	59031	13582	20533	16682	34652	53349	 5009	10589	 2688	18924	51034	58835	36681	  138	31623	 6667	49124	40652	 2237	34472	59847	40781	 5115	43671	15867	17358	41373	26171	 4306	41456	32549	27701	27063	28520	43794	13587	13700	38618	37704	35281	39664	11529	24637	37590	45728	15945	41399	22665	35394	16927	49659	39419	56560	52885	22203	54080	39287	46861	11131	  978	
  9		  300	 5819	16585	 5707	38085	 1538	20066	11427	39687	13503	59081	11892	33229	32940	17762	17300	26020	47111	31689	 2146	34505	45493	18369	20549	52174	45004	18332	34064	35037	47862	38569	23008	42091	 7374	12353	11867	12238	 1222	41491	37175	37645	25538	53512	36080	51182	58890	36137	59993	19525	15664	 4788	22145	35046	13113	40675	 9976	36975	46976	50846	 9035	30293	33292	50014	28006	56700	56173	51809	28243	45412	 1591	 3891	
 10		 5144	 3675	58225	40463	 7587	 7516	31808	40498	32380	 2484	34782	22716	41381	52914	32277	35473	 4641	40004	28918	10319	 5830	23160	29412	10599	 5787	11450	53783	 5767	48439	47275	36127	48767	51166	49817	31958	20198	26600	11898	11366	58573	52370	 8442	 7159	57210	13944	30350	 2144	56062	55479	48827	31485	22492	20942	13341	55622	33162	24353	42355	45595	12676	33616	26278	13808	27077	35329	  197	37538	31963	 6904	33424	19703	
 11		29112	21693	44576	40564	11981	13981	23250	20219	58518	50331	47957	38143	54343	27989	41134	13967	55659	16591	47504	33724	58201	25694	45972	52001	18951	52145	35088	37288	42690	  219	52015	56064	30016	50507	42658	11916	40165	54582	53272	34785	43944	31110	35914	56998	 9983	32815	17074	19995	40549	59853	41066	37028	53979	21259	43455	42497	57977	24696	49812	53015	55045	40304	13488	42409	 4820	55880	 9137	40557	18234	20325	56612	
 12		38745	37516	20065	57375	54486	41158	 7701	25786	20873	15132	19841	51449	38958	35788	36642	52327	 2936	55630	15468	 6767	21835	 7900	34560	55232	14494	 9365	48645	35515	52681	20963	56688	13645	52845	52190	16313	11426	49856	 2184	51389	37314	36447	59922	47110	 1666	49634	17799	38179	43636	55082	22371	13512	52575	17770	46393	16397	47557	 6898	37782	48722	34390	39763	57637	20085	11736	18347	37534	 2419	56678	24525	56138	26247	
 13		29574	20528	50401	49541	50800	38258	25889	31470	21694	30045	20366	44507	 7375	37489	27360	26324	47905	46202	  943	33383	28275	 6665	14053	30535	 1984	52244	52442	54156	 6005	55510	44908	 5659	 7698	50185	44208	46590	28655	  659	59358	 9578	20479	10292	29882	59405	55668	20025	43874	14937	36305	 5134	20718	26090	 9634	 5708	47640	29269	13576	57002	31673	 5768	11222	48844	37321	 1698	 9631	20818	18581	14712	57352	  433	 5354	
 14		26889	50248	59934	 7774	14282	45325	27430	52977	58641	55338	 8616	53091	27514	 6357	29255	27317	56502	24671	38712	59300	31751	13095	 7911	11142	49156	54270	49504	17604	18117	33769	28729	31054	35490	51180	 3613	45494	 4389	44191	22083	21535	17389	38098	46194	50179	28516	43297	11438	14248	40543	41312	39973	 9287	13001	42551	57839	 6100	54527	54573	11552	13475	 1886	45251	28665	 2361	22537	22624	41820	37246	25688	53519	 8401	
 15		47112	10705	22952	36028	28476	55557	55364	39341	19505	 4835	29698	22786	 6344	20659	 4333	59910	45108	56629	25271	25407	40532	 1597	28636	 9755	 1548	26679	28713	41256	38064	23790	32435	46513	11765	53942	21393	 4615	43952	26594	51654	52764	 7479	24715	58554	13472	20752	43545	 1402	53496	19221	19231	28477	35918	29697	33865	54578	48360	40123	38289	53387	40814	18312	27725	37508	45420	31148	27778	32128	45871	42346	12408	18169	
 16		50578	11947	46544	 4918	32889	43538	21604	37541	  298	21593	34807	 1298	58550	38428	10761	 7473	32157	26672	 7472	48317	 9023	18983	43213	10759	46980	 6899	 2573	37066	 4017	21387	59137	41541	32056	54646	 2935	44290	 6433	 2693	58237	52972	  481	10235	44878	 8806	22520	21005	52860	27095	36913	56694	26291	58825	34220	 1300	32256	 7359	14044	28634	56713	30011	 1780	49580	 3091	13303	44046	54942	32880	29858	14565	46244	41435	
 17		54886	46085	17195	48282	44643	47481	48878	39045	53201	21838	14529	58138	13756	53213	55570	56303	26177	  631	26181	11383	58284	55356	13192	42564	16791	38025	48472	 3437	54210	41768	 4391	13544	 1337	12855	 2310	 4050	23660	42627	44406	12751	41936	  283	55654	46675	16600	 3694	10898	27171	43275	26930	 4603	 1364	52509	38942	50731	57796	55814	40762	 8416	45224	58699	28443	15116	37101	48144	31738	17001	 7856	24300	20556	53700	
 18		 2924	12120	  368	21730	57559	54786	 7992	21697	19918	41061	47981	16522	33931	37215	57929	35523	17411	44829	51657	32571	43084	25267	 2393	36617	58612	24279	30048	41039	11768	 9348	12385	51737	43290	 8605	 7549	 3089	17696	21804	25186	57892	 3369	59741	53250	17517	44901	55851	21578	 2403	53118	28889	47552	55566	 9416	 7859	51056	31659	16954	32700	40471	30090	  490	13252	28037	52426	 5248	11289	44424	26421	28625	17921	44269	
 19		27491	29777	44165	51901	24916	 5538	 8305	49719	  553	  654	27583	39819	49896	18738	14698	51257	 9580	41817	43144	35190	21640	40222	10275	51795	57556	42913	10514	 4156	48537	 2386	11275	28522	59892	25696	16481	54718	39872	26657	34958	12443	23589	13898	43617	51430	20110	43522	22916	29715	52949	51868	28013	17384	43055	 2970	 8461	47871	23156	30638	40540	22689	 2643	 7074	33416	35535	56731	59283	 3962	25771	46649	33708	35459	
 20		 4219	48816	31205	49830	50031	15861	38614	41993	24248	12638	53426	 2319	 5663	19046	32769	 7726	59813	19330	13792	 2721	19757	50205	14475	54415	33070	43217	43313	57908	47890	58331	57114	 4525	36132	 7893	42647	 8852	31629	10896	30552	10459	 1026	24877	35507	30242	51597	26438	47539	55161	46504	33853	  703	46374	41454	43672	25215	32024	50224	41150	 6192	26790	13857	23029	51136	11910	22423	49575	25020	48008	42237	45430	51521	
 21		10055	51864	20878	17936	25685	  507	13810	46426	41138	52652	17451	49144	28308	33391	 6300	56538	57999	 6763	11500	 5581	 8343	10809	28036	19312	38389	45916	55763	34134	38433	43476	48465	45655	16807	 3390	27283	31990	51691	23958	13308	55905	33636	36828	 5299	36510	 9772	33258	12701	 6873	42421	56208	22362	26751	59027	 3363	55313	50201	13659	37005	49880	45034	11522	37668	47687	29156	28822	11957	35857	 6549	47191	18330	32728	
 22		13061	19110	24524	34986	52861	31428	37056	56476	57678	 5486	11823	 9980	 7109	30570	50659	11149	29994	13698	16785	43014	35555	37305	 8412	28821	31798	59543	51277	25275	33073	27524	 5397	39612	14260	 8080	53772	18509	10951	 6849	44921	58387	58534	26614	25112	22983	43825	56125	 1415	41355	 3726	 4919	10361	12756	42120	 2636	39312	 6218	20968	30851	48586	19333	21191	51356	37985	18172	37029	33792	13874	23876	39016	20831	11292	
 23		31860	15164	39636	22290	38189	10363	19856	  785	25762	35727	43817	16439	29304	18211	59673	27624	 8346	 7346	20136	26179	55680	 7026	 5237	 8667	53114	24344	 7152	 2229	24980	17011	 7845	30187	17494	18338	 4260	31597	34745	22126	 7530	44770	24628	  461	37833	 2295	18196	19075	 1987	34020	16914	 8938	35956	51454	25109	54248	41715	41967	57309	48979	 8982	 9473	59276	56018	 5480	56876	 9115	  228	40082	 7723	 5799	14868	43682	
 24		48357	 1789	21378	25677	17449	54434	 3034	21840	48621	46015	26224	11333	18817	49174	39071	55489	19922	21317	23019	26201	42811	49064	20894	10011	43732	42566	30614	26169	49256	15124	39043	11375	29012	26038	32934	56429	19000	15567	20974	36436	23251	25392	37531	26139	39209	 6852	18450	 4648	35894	33404	35308	17752	24510	35625	 9872	32324	44990	39347	55972	46363	32756	 7977	 2102	39365	26996	 3064	25197	18530	57776	49392	52625	
 25		44953	31029	32677	36843	28742	12427	 9323	28299	18974	 2226	 8739	18112	48369	31604	36905	 6720	31001	 8978	13634	37290	22923	  118	 2350	25160	26188	20662	 5751	25912	15185	52127	45954	54510	11886	30627	41716	35397	10754	14879	 1614	17382	 8484	 2972	14512	39208	 9780	36914	17968	57433	 5052	15235	  146	43757	38475	15763	48456	20047	31704	23957	 8296	51979	47115	 9861	14185	 2087	57036	 7709	 4562	51725	29978	 9362	48023	
 26		28292	 2590	30363	50070	32087	45471	 9494	21656	53121	10812	53543	12706	48733	33058	38628	56234	28448	20391	50786	19397	41956	55185	34040	59460	54304	39933	10831	43364	51693	10763	28598	24868	39119	42727	 7504	40808	20443	57774	28324	54696	25830	46440	13965	50782	37907	 5643	43853	40687	 9746	 9715	41869	51300	22384	44000	 5890	48226	 7940	51903	21109	52168	27641	55991	32205	58143	26882	54811	29109	56272	34583	 1126	41474	
 27		38611	27735	57731	  641	20824	59013	41329	  365	19765	29218	56059	45981	28040	 9595	45566	45545	43167	27352	42191	17372	26376	 9072	  745	27320	32716	55723	27938	24557	 9689	17263	16689	43187	 6471	16740	30166	 4235	 5687	20500	51711	27933	 8157	 3896	17200	27806	44134	22554	58755	55939	55404	23964	33277	19451	41470	34207	57346	39520	34812	48432	32638	33228	 2181	  575	25922	38106	39074	 1748	51067	42721	48080	29420	21714	
 28		40967	42898	39271	59290	 9673	40062	37271	27123	24345	55131	54558	17375	31885	41669	43009	12966	42149	25709	34633	39490	 2392	  580	46813	54529	39397	20536	53469	15080	28787	34686	 9995	24686	30985	18877	54028	31700	52374	59544	48516	17764	34380	27483	23020	48013	39492	37921	58155	35205	43042	 4351	11884	43262	 4847	29983	58126	29678	27771	 6613	19873	25096	14960	58977	27034	55245	31086	25273	28317	 5025	25517	  594	36074	
 29		12447	20164	46657	44275	 3923	39503	36830	 6241	16874	58625	32735	27975	34359	41569	 8114	15180	55598	58910	54993	21427	12036	 5644	21844	24999	56291	11861	47347	19242	 3943	 1350	53072	27564	36058	45617	27571	10770	59369	20888	33991	57271	41959	36157	36317	35511	 2408	 6341	31835	19037	22147	26067	55721	38159	32328	21773	27011	53622	23291	20860	53714	47228	52362	25689	42083	46435	39604	32334	42976	34955	48963	58580	16215	
 30		25628	12839	46286	   97	 8332	47326	 5947	29261	48165	35539	24580	32845	34100	 5772	57470	40836	25033	17925	 4172	27495	30992	 7324	11322	18109	34866	58586	58524	32519	 9426	16823	28367	40022	 9370	49686	48731	52911	 8471	37988	15188	55673	22706	21309	20524	15003	25297	56315	33486	25116	26212	42175	45573	 8118	13615	47518	32472	 4449	24880	24700	18402	50549	50612	10199	17057	37859	21620	34713	28775	19091	 3803	25728	 7063	
 31		 7283	20936	37876	52501	52122	37640	 8898	15970	22140	 2511	49660	26820	36323	21920	33442	 9790	52970	42111	42728	56085	34590	49607	50161	 5029	40775	 6313	29640	44975	44923	49380	38542	28506	42641	  851	54141	27354	36465	43430	32040	20609	11250	 9767	13887	34773	29305	23569	29579	 2442	37411	37019	31749	 5165	50368	50533	38068	25627	27848	54108	22166	24539	21376	39032	 9696	44018	29231	27084	23081	30678	29116	25189	12816	
 32		38792	45716	17678	21757	 3591	51958	 4681	34460	55278	13723	53798	 6244	51396	17774	30104	35159	26997	 2654	40409	50928	25075	15169	22403	 1081	 8785	 3717	52505	48637	34110	46164	43652	14519	37067	36280	38843	51957	47261	56419	56650	17344	47011	55783	45961	20041	42886	10231	 2247	47652	35223	56561	25120	 3747	 4510	15721	15910	43054	38941	57388	54325	41698	13646	37682	57184	12787	24032	 5691	 4557	 1554	39854	48587	25749	
 33		36358	23534	17994	28021	58593	57099	44792	42009	31898	58254	38388	58687	59534	59453	18887	55305	30628	50936	23435	49823	28652	 5307	56212	 7628	36202	38465	31943	 5038	56232	24311	53943	27498	 2931	 5491	12345	44408	51602	49311	54523	 9171	53518	55375	46720	51986	18503	33173	46987	15724	52224	 2683	32771	26980	30345	33727	 4985	42152	40847	33066	29937	32501	31873	17479	53062	49434	41624	 4803	59935	36921	24271	30175	 7439	
 34		27554	21333	21985	40491	12255	 1280	26711	49277	33899	39114	46902	31732	14150	27603	56147	20215	33594	49222	41290	15617	14142	 1906	31176	13097	25716	15536	 2910	38781	 9549	47133	 9306	49373	58856	41611	24338	37394	 1128	41428	 1186	54078	27297	30146	24853	32852	52856	59526	39348	55902	 7135	25461	 8415	 7761	20425	18127	43202	24168	 7935	45478	59841	37358	19189	17831	34044	29808	 9687	13601	55004	51873	 3624	17980	45589	
 35		13951	51290	35501	 2774	24098	43451	30170	29526	23710	22806	41853	48049	54063	46650	22366	34485	17502	21082	39019	57020	44130	 2610	46142	59310	11677	 5845	18803	21327	12152	24406	13002	32627	55952	51923	37306	20484	37937	 6037	17456	43278	36918	37554	49572	56820	47029	31136	36866	49732	49108	 6262	33906	 3597	26638	18705	37041	55855	31420	38853	45356	 5509	39266	15172	22311	53995	 6719	58508	46311	49036	28191	40368	17269	
 36		22501	39029	40055	12879	38319	33542	18040	 4966	12531	43265	37063	57243	14483	 2773	23167	21763	45067	26550	42128	50997	 1537	25148	40110	51258	37094	57762	33846	20309	42347	16271	 6336	21064	28035	56670	44298	22942	53815	 3919	49927	23543	28878	28647	20467	38126	 9944	  626	54816	17939	 3932	43496	 8364	14050	25350	22277	36175	37187	34872	18088	21043	28150	11013	35011	29766	 7284	25560	 5810	46662	43266	33914	39106	27900	
 37		59913	22996	31375	 1688	54593	35495	10087	 7877	22890	21380	22991	 5211	52833	10696	58795	30158	49691	30064	45272	42136	35697	21184	25164	16084	48790	44840	38880	28109	51235	46782	36213	 5802	 2008	15393	56894	36037	 8593	14189	57353	27891	15506	29054	49914	23519	32103	24843	55819	26189	11274	 6039	41016	30970	 4097	21609	14724	34623	53325	25250	21760	37768	   73	18458	38573	34069	43534	 1756	33153	22941	35991	 1600	17958	
 38		36068	23323	13136	58334	34997	20213	55275	24236	11086	 2376	13800	54475	 1062	36340	33789	 7217	31710	10560	29004	 4772	12759	58060	40646	58996	15295	53233	47182	56855	31247	52692	27150	49552	36602	22829	27902	 8814	41696	32013	38248	22742	  563	57951	43552	17606	14432	42116	42473	21944	15559	33464	 6359	28834	45445	57007	39498	37449	18840	22687	24527	 4347	 9172	 8128	47785	55166	54705	37375	16675	52905	  693	11499	52963	
 39		52137	17216	23220	57524	51818	20427	23655	58823	28245	24956	 7913	 2927	33316	33398	38589	10362	20289	 6918	47588	12176	15203	21824	22421	58853	41268	41864	14497	39420	14125	17579	57717	11656	51121	15512	 4548	 4428	 6859	57896	28498	12536	25977	 9502	 5578	10045	37316	 4932	29865	34388	33737	40412	58019	44664	43108	42139	 1727	17598	49708	10216	11318	38235	47827	31142	 9956	25019	47093	 9530	 9778	28409	23992	 3115	35664	
 40		46153	28907	34501	22471	10076	  909	45737	17838	36952	 6264	13261	10312	 3343	21741	34717	27619	  643	 2431	49702	48805	30346	36392	22466	50012	20550	48442	14245	13926	20680	35596	22847	38767	45350	19192	11844	49769	33150	35514	 4500	36719	 4435	 9279	25180	 6736	37788	42180	54883	37713	52602	38324	40664	35988	26827	48389	41829	48339	23857	 3745	58710	15205	49835	41266	49310	41354	26287	11417	10010	41459	16805	35952	47993	
 41		53766	51442	55381	16120	 1310	 2278	  360	15911	46044	54355	55516	58560	 1456	26025	31508	 5089	29098	10393	55454	43961	14476	39427	 2687	18997	21113	  295	 1991	 9298	17017	19878	54467	40245	31905	47062	 8639	34619	38274	40474	43842	19275	 6368	19434	22505	28593	37447	37340	32965	 1656	 8738	11347	18146	31867	 9934	44691	 9998	18528	47255	58412	16070	13108	29981	27209	53938	 8247	34687	55184	47860	21203	20380	 6698	40671	
 42		26280	45988	56244	36112	52044	54622	58875	28781	 2103	31853	36767	36863	26144	29796	22378	41048	50912	25535	27230	17701	21625	20642	43118	52899	43352	53748	53761	 4560	28915	 8359	59391	23840	59428	  795	 9042	57400	29030	26403	41460	50749	15489	 6211	59388	31125	54418	26435	43184	34765	26534	22174	16187	40590	19308	26477	55111	 3922	23036	41374	17614	33364	51417	14329	47499	50595	27769	57017	 7720	 3399	43764	22671	50355	
 43		15122	49629	12603	49206	  341	49545	22726	39026	53089	43940	31692	34068	36122	16072	 4227	43500	18473	34015	24017	51696	57513	 8251	 3527	22375	31207	16572	45330	16422	30199	30981	44598	19332	24495	 3454	58396	20248	 7757	55643	 2786	56275	40586	53816	43310	28437	20478	37626	50986	27401	41027	 9659	  103	45436	57754	49868	37333	20389	16361	37857	45924	31985	58314	37325	44822	 8490	 5891	46131	38568	24646	30267	45995	52708	
 44		20884	54311	43382	27727	20867	16162	 9979	 6855	 6323	32750	24139	55343	45551	43255	 3716	12578	25788	47066	31806	30092	49941	29254	    0	32191	53538	43153	36605	11389	 4845	56023	55750	32329	16520	40250	11698	 4084	 3293	36332	43207	56617	59044	38023	 3146	26596	 3278	45817	23598	 2022	39843	24545	40789	18776	35723	35959	33510	16411	16653	22683	 4890	37724	53853	22908	25454	43684	43727	 7494	39493	 6752	47244	58363	32154	
 45		30732	40271	52786	18013	 4459	46430	40788	19212	16346	39251	59159	23204	31603	59279	51735	59988	29392	 6330	10648	55713	24110	44192	41007	54798	32086	48351	23916	 1384	27484	 1447	30757	44772	 1334	13711	28702	30607	 5621	 7927	12107	 8389	48250	49565	14673	59720	10237	39401	38337	52117	50684	20501	 4194	40371	51700	28848	56565	57928	 2013	40850	26837	45026	28218	33282	17364	21410	49083	 2858	48198	21762	 8088	38613	10348	
 46		51266	29500	27672	46069	 2331	 3703	56960	26504	17532	 1094	  485	14598	38044	51381	43893	46455	58108	22606	32602	11615	10397	 6555	29449	31027	 3712	42058	41184	49049	20672	41096	46867	10085	53481	40005	42074	38162	11785	10569	 6305	38322	39310	11968	12996	46291	59304	34320	 5012	44431	20262	 9025	43584	45021	13896	 6586	10573	56254	30389	29802	18414	 4152	43851	52819	    5	 2167	49903	52726	23272	 8454	12972	44068	34881	
 47		43335	18391	58434	54807	 3887	41755	56054	18642	 8304	15954	50643	21715	17715	49281	21072	 9223	28539	49161	25503	33326	59723	48602	57477	 3243	53467	38148	17068	32318	11959	18033	35331	23614	32322	49469	24422	48110	33678	44205	29550	55953	19817	42138	49476	41100	50267	 7828	52710	 2264	21595	 8893	27312	58953	47577	38530	39831	39563	24886	37869	49901	56355	42562	34306	23930	20268	49589	27507	 1571	36834	  252	12449	16768	
 48		 9058	44313	48342	52360	28835	44390	33972	43406	59596	58092	59333	38485	37219	58080	45244	51145	41015	48397	41509	47250	43633	48115	48254	17369	24906	 4036	24953	 6620	39529	40435	38558	 1333	14983	24072	10871	26228	15213	38903	55051	31620	26564	40518	19903	 5615	45540	20486	 8549	12870	57512	52651	37356	 9913	49020	33325	11918	36454	40450	56013	37418	15464	50319	36346	   15	40027	44348	59955	17040	20654	  232	40252	21116	
 49		16695	26068	41120	59602	47179	15796	32238	50492	 4002	25635	13897	52645	31250	14887	 7470	 6992	26306	30439	59060	59245	  601	 8139	35016	30637	52945	33441	25408	34896	11114	 3164	58922	10867	25618	26557	13296	20490	33362	 7811	22959	42400	58497	57057	50243	53802	53721	30072	50113	38641	52420	25086	25999	 1851	18849	29549	21406	14932	 1953	31389	43075	52383	11842	57165	 4273	36274	36685	 8691	23489	24828	29764	28485	22332	
 50		 5695	 5894	39615	52128	24816	  969	27654	33344	 6068	56336	12973	19641	18416	22784	 6970	25821	33617	23126	  154	49644	44675	25191	49394	45141	12492	 2060	17512	54769	20764	 7580	50694	18801	53315	56192	10072	19173	45809	10171	36721	43492	52804	31525	30440	58545	18760	42687	17813	47329	 6352	45941	35038	20619	58849	24710	 7907	15610	 4115	  348	57798	54065	47148	20656	15709	39726	21555	10524	 1939	14555	26545	44309	13366	
 51		 1074	40798	 3824	32330	 5832	20316	39159	29960	27839	 8168	38321	25452	22479	56834	49847	42253	17920	 7311	 9108	52093	12210	37392	39676	36004	22302	 3837	45552	18916	27493	15975	 1210	 5888	 7949	58285	38482	38049	 9569	40595	55545	 1786	41458	18072	13935	36400	32722	 6694	35165	30930	45029	34400	 7822	23470	37205	28508	42026	17537	18475	50313	56665	 3710	28211	19269	 2077	27220	52472	39263	17889	39295	34121	10062	 8480	
 52		 7608	 3382	28746	46493	 6422	 3991	55035	39842	37618	46082	 8744	51838	32207	36177	14778	14263	25990	39193	35010	 2438	 9588	43933	16032	34880	27303	32573	45104	45170	52884	40766	15198	23921	40635	54452	 4485	26391	58324	 9509	58145	16174	50136	31616	 5530	51163	38014	27808	40877	 8474	13575	54997	59127	33795	37759	48585	26581	 9526	 3431	 6374	54242	30339	17621	53525	13644	45090	18747	59695	11087	26582	19518	38746	55197	
 53		38401	32173	26629	50246	11439	28396	22882	50200	35619	46165	59887	28791	55191	48322	 9413	47289	35403	12175	44302	38158	19819	 7517	19618	 5156	52315	  477	30323	36144	48903	10934	19188	42768	40133	22621	24403	58100	53219	24120	57964	56076	 2025	33783	54826	55854	27563	17681	44433	34143	 4090	45503	47377	 5685	49074	27992	54833	17695	32274	53409	27604	32795	17083	26414	32486	36886	 6017	32634	22781	 1420	56341	15368	35717	
 54		29491	20960	30172	46690	17924	 9533	36948	18319	48642	55746	21649	31582	16199	55480	21298	14314	24457	21530	18398	   65	 1460	38934	47380	 3567	28400	53177	44328	23268	59903	23110	51911	59370	34344	10779	58718	36969	  964	38036	31040	50328	 7574	32522	24955	12707	35470	16371	14398	27753	34882	15766	37906	48770	23212	  687	18950	23770	24425	 9167	12621	19103	31245	36350	23171	36934	13035	46333	24586	55913	55490	35121	45967	
 55		24664	 2897	49417	47227	33154	 1275	42597	42250	48981	27091	17054	41797	59688	48441	11488	 5023	20030	51184	58377	23845	39212	47854	37405	43695	14286	58663	 2724	17065	 1737	51899	34781	 4057	14220	32134	12703	58506	 6642	38962	  352	51385	19971	46470	 2540	 5194	59898	 9379	 5692	  539	21300	17306	41246	28518	56356	21120	58409	36160	44727	26142	44098	 1318	16951	 2316	12076	45668	48296	17878	10014	56167	30124	45028	  425	
 56		54085	31020	14328	32361	42784	40447	28312	59766	11242	45688	57943	41852	11897	37748	54654	 2466	51382	20714	43970	14835	11652	11296	30682	14163	49077	 9371	32028	16173	36984	16680	 7138	24591	15780	30767	17427	38181	20667	13008	16533	51392	16383	51162	52981	15932	25942	51326	42297	36764	19796	51418	43390	47791	12367	49813	23319	45576	23062	 5131	 6814	50154	35262	10570	39194	29870	38447	21647	49800	31342	54981	  437	42434	
 57		28281	30698	15353	24474	32504	21311	 5059	17188	59303	13294	58174	 2363	30313	  998	  829	41617	17163	41347	43133	46360	38936	28116	25803	  746	36799	32085	48416	39229	51502	57091	14719	 3789	57050	35206	34096	56179	51221	  161	32730	59859	42080	13976	34137	48947	49723	42016	 5930	37515	 9728	32385	41607	19758	25308	16012	58782	20141	17746	43365	30136	52817	 6559	40202	18888	54496	53186	13124	 1066	40696	29540	40180	38186	
 58		43440	54625	34392	22526	43261	38498	54374	27440	16534	54586	46771	38813	42376	37895	23711	30618	51380	24399	51334	29144	51943	21240	22521	34216	29527	45534	33387	  940	 4481	27315	55230	 6561	52246	24781	13423	 7204	39789	15332	30726	29058	53286	33461	 6552	53704	21878	59203	26123	 1105	59882	17117	26292	 7144	 8826	52605	53814	55567	53527	24736	46865	 5556	56569	46941	24316	31663	58203	21731	45488	31668	 4054	54919	 4460	
 59		32995	16365	29063	52126	51929	41666	 1508	33183	55544	53299	14344	28893	46906	54950	30613	38104	    2	53216	24123	20103	 3425	53996	23733	 8968	45749	22632	31366	50627	29158	34383	24907	56811	40935	36744	12349	12990	57380	 4015	23873	26990	58618	 1920	21035	44976	11133	49970	 4982	41919	19178	30452	42804	57553	35368	51353	32969	56079	49918	13078	27051	 3880	19776	 2827	36666	 6000	52449	50963	20078	57986	18993	10086	25430	
 60		25446	28192	42117	18020	34849	31981	21190	  152	28904	49170	49765	45099	 8890	40778	 9964	46273	10863	16925	24827	 1980	10099	12985	22745	57538	42765	19210	35187	43256	 3361	15539	51403	 4110	44245	50027	18301	 3544	34667	49997	41791	25659	39236	 3672	38254	52775	44491	20169	 3587	 6931	 3595	42974	31276	28798	37667	 7098	49348	53488	21978	 6577	 7450	17035	16306	 6754	25420	48906	31502	55631	21370	46811	42686	24071	57105	
 61		31104	 1558	48677	51400	55119	30733	30406	54050	 6413	15538	54580	 2459	32032	47733	56777	15642	 6569	 1083	41990	 3094	14989	22759	45789	13284	20584	18784	47348	 5494	33389	 6248	44657	11224	19596	51753	38311	37284	19445	 6775	59467	49821	31158	21228	15428	39421	15112	 2893	 3579	30083	 1348	10338	45460	24448	  237	51174	23825	49740	16179	40689	53917	28326	36194	21962	 4183	19351	40659	46213	 5620	24301	12311	36389	47909	
 62		10627	42518	44288	27749	27059	 3669	39816	55470	37112	25218	23152	 9411	10211	11745	17576	26127	13649	 1686	35621	59307	 5611	22636	36986	 1791	35692	31219	57847	48073	 6706	21515	14410	47126	29688	49368	56186	45414	45051	29643	41483	48366	 9059	22603	10918	22419	58932	42887	  657	57515	23686	34712	33908	41389	25863	 2280	50796	55703	35359	58555	19461	 7895	35744	 5846	32284	23712	29881	 7827	 9409	 5349	18981	52347	48071	
 63		44318	37824	43820	 1726	46060	19985	39581	41634	39081	41316	52883	38549	25675	49542	 6442	17765	59243	48995	51720	52293	 2671	49032	41383	54694	59670	34920	39246	 3205	38103	46581	57490	52658	50897	41968	11023	17272	35551	37594	24284	39389	25124	33654	49412	 2859	13668	18131	20312	 9694	15459	 1683	32036	 9701	37998	52460	30660	52839	32217	24655	32653	52386	36049	45299	55254	 3572	12905	15522	53385	 4063	52325	54884	38759	
 64		33971	14423	48477	42073	42275	45256	 7366	18455	 7298	28966	 5364	22703	 8277	 6525	21195	31329	55911	37485	 3766	57590	36196	37832	55252	23954	 8051	25615	39555	32637	19279	 7043	16158	 2971	26235	14587	20613	47375	17659	20816	30885	 5500	42493	10556	17331	16679	35980	11355	21212	44239	13064	 8472	52886	51727	18745	46623	51843	 3714	47626	11127	14267	28810	46011	47425	39720	 8963	17514	40384	49820	27513	 8465	32908	44398	
 65		59617	31900	10957	37166	50369	35100	  873	45504	23989	12783	24893	22415	13236	55015	27417	59839	10723	 8684	48549	42036	36702	36634	28102	 1495	 3401	49850	28410	15980	42070	 9960	31404	47510	46471	48994	14226	44763	48101	30037	11863	12801	23551	35102	50408	 2605	16994	36852	59356	25955	52365	15952	58763	15279	42942	59961	 8192	47541	49039	24204	11183	11108	19803	24718	26686	13065	56080	 2241	11049	24676	26780	57657	57984	
 66		58028	11967	18362	 5071	57539	45854	26219	 1753	 2569	46988	37975	18921	29296	 2281	20086	39324	49536	11161	38902	56622	29157	28229	44841	57622	12933	31565	51945	16526	31721	33345	29078	12473	 7010	44158	46815	37206	42582	46215	 9057	 9156	42504	53829	 4242	18970	22304	33858	31381	 2667	52846	23542	21217	47466	58576	42002	14472	25608	31022	24826	 9613	 7462	58498	55121	 8216	53298	20042	43716	13955	29499	56968	36207	19267	
 67		41898	20641	31607	10345	59938	53042	20285	42785	50035	 1674	19213	 8386	55014	24807	43083	13591	59932	 3509	51112	55637	26779	24187	27667	 3286	33494	29998	37916	36844	58272	 9401	38269	33780	32188	55087	 1025	53730	44658	44253	13187	57181	26057	 5654	40801	48107	40295	35502	11003	34382	34160	43673	35471	33970	   96	 7621	30569	34244	13815	15611	16294	55216	41392	43902	33401	58981	53226	52537	19876	43089	24225	 8226	30295	
 68		44905	10841	10430	50801	51740	26834	26783	48377	25681	32589	46993	11028	10354	 9699	39233	42295	48635	38066	 5074	 2805	10619	49014	 4637	46595	39777	49946	53420	46226	 1091	 6839	18632	40164	27258	 2533	26369	 5955	35743	 5151	14412	47258	25035	58733	55930	15040	55893	15681	11607	40342	38850	48240	35533	33141	51213	47435	52663	16515	  478	35831	20455	12280	43520	 2439	 4372	12441	13906	22780	26354	 2716	10662	18212	23644	
 69		39759	  683	44592	39620	17173	26718	52316	42188	 7512	  535	45366	30019	53672	36597	26719	 7455	50006	57990	47727	13539	15502	38744	55697	11796	55620	 4418	22696	23891	39879	 9249	30049	 8882	 2036	57728	 5744	43307	 1355	 2100	16298	24535	45088	14294	19497	24388	16566	45565	25995	50066	10666	14838	 6227	27418	50330	31484	49763	23015	39795	20754	 1018	35613	39289	12477	57389	23579	 4600	13932	15742	25827	31217	31622	39350	
 70		56449	50599	37712	40707	27068	51977	50032	53862	21441	 2037	10615	42324	39599	58801	20900	28731	50472	 8791	15938	16404	 3396	50439	11655	48584	16830	28554	48616	38286	54771	 3536	34707	29266	34693	14977	13579	 5805	56832	37709	 7880	18081	55611	 5005	36307	22322	23762	 5112	33742	38316	21919	11387	21707	30178	 8693	54732	 3347	32761	12080	37100	19961	18648	46903	  262	25727	18403	14116	23237	23877	43654	19628	10932	44538	
